,Folder : Positive Indian Number Plates
0,"I KAO3MS79794
"
1,
2,FR 2686 0394 
3,I L 1¢P0290  
4,KA 45 M 2052  
5,
6,DL4CAD E474 
7,  
8,MH O2 AQ 2314 
9,DLS T0471 
10,  
11,  
12,Z 6539 S  
13,  
14,  
15,WB 06 5095 
16,  WB 06 J 5095  
17,0L9¢ T3301  
18,  15780   
19,   PB11A04942  
20,  
21,   A KR 4018 
22,
23,DL 13CB0545 
24,LA 22 6S 1173  
25,  
26,   EE EE ME O4 FA 6381 
27,   MIT  04  FA’ 
28, ATRAE 2618   
29,  AP40A21099   
30, WEOAENNCRSCC  
31,AAO RE 
32,  
33,— 4030 © 
34,
35,  
36,  
37,  
38,  
39,  
40,  
41,MHO4 EF 8726 
42,
43,
44,  PB AO DN 2421   
45,WB 06 F 5364  
46,  
47,WHEUNGEES 
48,
49,
50, APIOAY  1179 
51,      6 P 977 
52,W 
53,MF A2 H ADES  
54,  
55,MH12EM5804 
56,
57,   N12 DY 3934 
58,HH  ELISE  
59,  
60,TN 20 BS 5787 
61,MH 02 AY 175 
62,  
63,
64,  
65,  MH 02 UP TPES           
66,  WBO2AB46319 
67,WEG SEI8   
68,  
69,MH12FK 1463 
70,  
71,AP9 BN 4684 
72,DE2CAJ 0938   
73,AIN TAC 449S 
74,  
75,AP29 AR 5889 
76,PB59A1367 
77,  
78,DES  A NNG2 8M 2295 
79,  
80,  
81,NALIN 
82,FF ONT 
83,MH 02 BP 5424 
84,
85,  
86,  
87,
88,WBOGA 2128   
89,WBOSEC S682 
90,   OLBT OR    
91,  
92,   PERERR A MH 03  AW  3008 
93,“WB 060 2773 
94,  
95,UD ER TAQG  
96,LAELIA 
97,“MHOSAJ6 120 
98,KL 39 A 4864 
99,  TNO1A05955 
100,      T NO9BK7357 
101,  
102,
103,  
104,AP29 AJ 4668 
105,NID IN 5094  
106, AP28 DC 6483   
107,MH O4 0Y 4587  
108,FEE MH 43 X 7188     OE 
109,  MH 43 X 7188 
110,
111,UP 16   4858 
112,   “KLOSAL2244 
113,  M01 YA 4487   
114,  
115,MH 04 CZ 862   
116,DL4C AF 1102    
117,  DL 4C AF 6735   
118,—     MH 03 AZ 5344 
119,   RI6 015764 
120,  
121,  
122,  
123,           MM KN 7175   
124,  
125,CE INOS AM 1878   
126,GI LICM 3306   
127,DL12CB 1619  
128,  
129,   WB 06 G 7172     
130,     WB 0667172  
131,MH 04 EH 5222 
132,AP29 BJ 3434 
133,MH 14 DN 5256   
134,  
135,AP36 AH 5297 
136,AP29 BL 5485   
137,TN20CW4713 
138,WL   GIJ1 KL 536   
139,
140,  
141,  
142,H TWO1AL2508 
143,‘MH O9BB9894 6  
144,  
145,AP 28 BL 4648 
146,  
147,  
148,WRASVESED I 
149,EA 
150,VS Y 
151,KA 04 MA 3873 
152,L3CAK 5323     
153,  KAOSMN5959  
154,GJ 1 RA 8132  
155, DLGCAN8 167  
156,
157,  
158,WAL 
159,MH O3 BE 7081     STAR AUTO INDIA 
160,  
161,APO9 CB 1403 
162,
163,   ELOVAC AH9268 
164, TN 06 0196 
165,MH 06 AS 5441   
166,RAAT ANN 
167,WIT 12 FF 8000  
168,HR 26BH3864 
169,MH20BY 7778 
170,SURE A718  
171,  
172,MH 17 AA 1199 
173,MH DET AT73  
174,AA ALINWO  Y 
175,WAL RAL 
176,I EE   MH43AB 860   TARIGTANE HOWDA  
177,  
178,JAP05 BX 6304  
179,‘DL4C AH 8648 
180,DLAC AH 8648 
181,
182,  
183,  
184,  
185,
186, WB O6C 119  
187,DL 70 F B240   
188,    MEL 02 BZ 0619   
189,   2 BZ HIT  A    MRO 
190, MH 02 BZ 0619 
191,  GJ1HR 9202 1 
192,NN MH 05 AJ 9929 
193,MH  01 00 9388 
194,MH 01 N0 9388 
195,MH‘01 AH 997 
196,MH 02 B1 4626   
197,AI 9526   
198,HAIL BR 394 
199,HHY3K28679 
200,HH13AZ8679 
201,  
202,
203,  
204,  
205,      WB O6A 2379       
206,KA 19 MA 4178   
207,KA 20 P4598 
208,  
209,PM OF AX 5630   
210,MIH O2 AKK 8SS8SO   
211,   L 07 BN 9344     
212,   MH 04 0W 1072 
213,—   MH 02 NA 8975 
214,
215,ANNALS 
216,  
217,  
218,VT MH O1 AE 4250 
219,  
220,
221,  
222,A EE    I  12 DY 8676 
223,
224,DL  70 F 4290  
225,MH  43    
226,IMHO2 JP  491 
227,GHB AB 8628 
228,   GJ 18 AB 8628 
229,
230,DN3751 
231,MH 04 DN3751 
232, MH 04 DN 3751  
233,IR 
234,‘ EMAI 
235,  
236,LET 
237,A AUG 
238,DL 3C BE 1458   
239,  WARREN 
240,
241,       WB 20H 9705  
242,  
243,MH 01 AH 0545 
244,BS EE HR 26 AL 8532 
245,VR LM BO 
246,ETNGDAT 1212       
247,MH I5 CD 858 
248,NUTR 1115  
249,DLAC AH 5018 
250,“HR2GAK9672 
251,
252, 2FHE0077   
253,“M102 AVA88 
254,  
255,N  AY 2018 
256,  
257,MH O1 AB BS72 
258,
259,I MH 04 CT 2694   
260,TS  
261,  MH 04 C 2694    SS    
262,  
263,KAOSMG5789 
264,  
265,    WB 027 9081  
266,DL4C AH 5745 
267,MH OL AC 2677    AMEN STI 
268,KA 02 ME 3286 
269,MH 02 BG 1870 
270,DL3CBA2003 
271,
272,WB 06D 1010 
273,AE MH 43 X  
274,MH 43 K  7863 
275,WB 06E 0652   
276,
277,  
278,  
279,DL8C AA 3557 
280,  
281,HR 26 BH 9054 
282,GJI 1 KD 8610 
283,
284,   MH 42 ET 8442 4 SO 
285,
286,  
287,  
288,
289,BKLO7BU5237  
290, KA05 ML 1639  
291, MHAGANUD OL 
292,  
293,GOUGE AA   CAA 2242 
294,
295,EG  1KN 781       
296,NWO 1 BBID24  
297,A  AP OSCR 2399   
298,1 APOS CA 1684 
299,
300,  KLOSAE3553  
301,
302,  
303,TN 02 AB 3900 
304,  
305,
306,LUE RISE 
307,  
308,   MHO 01 AH 4041  MOTORS 25277797 
309,  
310,WAPI FELIX  FIFE 
311,  
312,MH O1 AH 7A86  
313,RY DL4C AJ 0769 
314, OLDG AP 8969 
315,IMH 03 AR 5479  
316,TNIO6 F  1742  
317,‘TN 06 F 1742  
318,  
319,  
320,  
321,“WB OGB 6052  
322,AP OSCF 9994   
323,
324,“WB 20U 5823  
325,  
326,TN 02 N4 0322 
327,EE   OO SHETH  GJ 1 KE 1962 
328,DL2C AM 0312 
329,  
330, TN 07 BJ 8128 
331,  
332,   “DL 2CAE9643 
333,MH O3AR 7455 ES 
334,   MIT 02 BY 1576 
335,
336,ACE G13 
337,  HO3 AR 3037 
338,MH O2 BJ 339 
339,  
340,GU1 HR 8803 
341,  GUAUESA0S 
342,  
343,2 V  AS 
344,SS 
345,GI1 KP 5056    
346,APO5 BY 0244 
347,
348,  
349,AE 
350,  
351,KL 45B 6567   
352,EL  DOO 
353,  MHO 1AE9545  
354,  
355,
356,» GULKS 6929 « 
357,GUL 1KSÉ  994 
358,  
359,GJ1 KS 6929 
360,IMH 02 BY S140H 
361,  
362,WW ULES G80 
363,MH 43 V 9267   
364,
365,    DL2CAR2985 
366,  AP 26006507   
367,  
368,  
369,MH22 GR  Y 
370,  
371,  AP 34 AP 7089 
372, TN 02 AK 3898 
373,VLTE L 4589 
374,KAOS5MH   
375,
376,  
377,
378,  
379,‘DL 8C   7073 
380,TN O1 AR 4483   
381,  
382,Y FA 
383, MN 06 02 9999  
384,  
385,HR29 AA 3NN  
386,TS “20S SOA 
387, UP 16 AN 9755  
388,TH IORM S254  
389,MH 02 BT 4600 AE MM AS A EE AGRO 
390,WE O6D 1256 
391,    MH 44 DX  0585     
392,MH 04 EX 5888 
393,LD  ‘MH 05 AX 8009 
394,   TNO4AD A185  SE 2   
395,DL2CAR 2636    
396,DL10 644752        
397,TN 10AF 16 38  
398,
399,TNO AF 1638  
400,LAW DAE IG 381 
401,  
402,PAR 
403,
404,AP 10 BB 4320 
405,
406,  
407,WBO6 WBOG6C 9765 
408, MH14BX2323 
409,  
410,
411,TN 02 AV 6916   
412,AARYENESS   
413,AERA   
414,MHOLAXK 4488  MODEST CARS         
415,  
416,WBOZAE395    
417,  
418,OF 66   
419,  
420, IRI  EPEE ”  —  
421,
422,  
423,DLI2CE27 20  
424,
425,‘PL 10CA 9300 
426,  
427,KA S MABSES 
428,
429,  
430,  
431,  
432,EVADE 
433,TNIOAF 1638 
434,  
435,
436,APIO AL 1720 
437,MHO3AM4625 
438,4691 
439,BB 7066 
440,  
441,DL2CAM7746  
442,£3718 
443,RAL   
444,WAIEENISEB 
445,
446,WAIZEM 9958  
447,ASAT 
448,DL 8C AA 2668 
449,AP10 AP 9486 
450,  MH 04 DR 6768 
451,  MH 04 DR 6768    
452,WLIOCD72599  
453,“DL 10C07259  
454,
455,  
456,
457,  
458,FE UAE MH 12 08 8171 
459,  
460,  
461,APO BH 8702 
462,
463,  
464,  
465,
466,A98TS107  DL SC AL 3739 AL 3739 
467,MH 04 BY 4318 
468,  P 3CB00799 
469,BISES HD 
470,     “DL7CP 0206 
471,
472,
473,TN O07 BB 4423  
474,HRBG AQ 2766 
475,HR 26 AK 5022 
476, DL70J 3540  
477,MIM 12 EX 2684  GIME 
478,AVCIAEX 080E  
479,
480,  
481,SE   NHO4B06905 
482,87 4997   
483,AP10 AK 5807 
484,
485,UP 16 AN 0179  
486,  
487,  
488,TSE6634 
489,DLEC   4926  
490,  
491,6Q8002 
492,  AP36 AG 8474   
493,B AX 6615 FF 
494,  
495,  
496,
497,  
498,  
499,  
500,
501,TH 2208 1483 
502,     EA1 KA  OW   
503,SS 1  POE CASO      
504,  DL 7C N 3006 
505,
506,  WADE ANSSS7 
507,MHOS AN S297 J 
508,MH O2BZ S776 A 
509,
510,AP 23 P 0123   
511,—— PB 07 Y 5629 
512,PB10CJ0029 
513,MH 01 AL 5289 
514,  
515,DL3CAL4640 
516,
517,MH ICC 2054  
518,   AP10 AK 7788 
519,WB 06A 6630 
520,‘NP20AH2244 
521,  
522,
523,
524,  
525,ADS WSU 
526,L2CAD 9154 
527,“AP 09 BV 4350 
528,  PIN 42   
529,DL4C ND 3660  
530,MK 43 AZ 3659 
531,HN O78Z6242  
532,   A 37 824 2   
533,  PB10CE5758 
534,
535,      MPL    
536,
537,WB 26K 7597 
538,
539,—  OGBE 1786 
540,OS  TN03 J 0964 
541,1 WB16AC 2063  
542,MH 12 E6 6756  ‘PATNOMIION 
543,  
544,
545,  
546,   HA LRKTTS9     
547,AETNA HR51 AS 1615 
548,MHO4 DR5018 
549,“WB 2025984    
550,   TN 24 AH 1284 
551,
552,WB O2Y  5768  
553, MH 12 ET 6622  
554,  
555,
556,  
557,MU N  NA AW EA9  
558,
559,MELT AW SEED    
560,MWHALET IRGC 
561,  
562,GILKR 2485 © 
563,SEE Y M H 06 AL 833 
564,UP 14 DT 5151  
565,  
566,  WB O2W 7187 
567,AP 040 4949   
568,  
569,DLICP 6078 
570,  OU IC P6078 
571,UP 14 BP 0510 
572,   WB 22U 6847 
573,
574, PRIODW3466  
575,AHA LOROST OM 
576,J  MH12040570  
577,  
578,
579,
580,  AR3353  
581,AP26 AD 199 
582,
583,“MH 4846131 
584,  
585,
586,ASG AAT 
587,MH 01 AX 7656 
588,
589, MH 46 N 2154 
590,MH 46 N 2154 
591,MH 46 N 2154 
592,MPO9 BC 0367 
593,20455  
594,KA04 MG 6664    
595,TNOZABE833  
596,KL OZ AD 6790 
597,  
598,MI ASFY O267  
599,TN 22 62 4300 
600,AONO 
601,    TN20BT7899     
602,
603,A RLET AAS 
604,  
605,MH02BM1873 
606,  
607,
608,“UH A 0298     
609,SUKCERE   
610,  
611,KLO7B03489 
612,TILGA FIT A AAA TL  MHI2FK 3242 
613,PMH O2CD 525  
614,  DLECNE7IE 
615,NE  02 8M  1873  CUIET     
616,WB OBA 5258 
617,TN  20  CX 2288 
618,MH 43 AF 8411 
619,
620,MH 43 AF BATT 
621,  
622,ALAN 
623,  
624,
625,  
626,I 4G AK 3104 
627,
628,
629,   MH 02 CL 7324    
630,  
631,AP29 AJ 1626 
632,AP29 AJ 8244 
633,  
634,WB 06 G 6875  
635,AP28 DD 1684 
636,
637,
638,TNOZAQ8660 
639,A TROZKABEEOF 
640,“DL2CAN5398 
641,WB 0S 2182   
642,WB 06  2182   
643,AP 29 AJ 9099 
644, AP 29 AJ 9099 
645,
646,TN 22 BU 0784 
647,  
648,  GJ  HM 2973    
649,  
650,  
651, TN 05 AL 1191   
652,  
653,IM 04 DN 1957  
654,  MH 04 BD 7328    M04 BD 7328   
655,AE EEE ET EEE MH  04 BD 7328    
656,MH 04 BD 7328  
657,WB OGF  1772  
658,KA 03 MK 9670  
659,TE 
660,  
661,LEE 
662,‘KA  02 MH 6677 
663,MN LEASES 
664,MHI2 FU SI3S 
665,LS 
666,
667,  
668,  
669,  
670,1 AP 23 R 1654   
671,“MH 04 CT 2218   
672,MEOVCT 2218  
673,  
674,  
675,  
676,MH 04 DB ATA4 
677,  
678,  
679,  AP 28 BP 5030   
680,WBE BB   
681,— ED   WA 248 ITE AL       
682,NSS  
683,WH 12 EX7266 
684,  TN 20 BF 6424  
685,WB 24R1436 
686,MP09 61 5296   
687,  
688,TN 10 AJ 1863  
689,VID  MT 
690,  
691,MH 43AN 2671 
692,TN 20 CX 4108 
693,ARRLLRRD   
694,
695,“HR26BT9791 
696,HR2GRTS79N 
697,  
698,  
699,  
700,
701,IO   
702,WI51 NC 6209  
703,51 WC6209  
704,
705,  AP 40 BB 3651 
706,AP10 BB 3651  
707,   ANISE M ACA  
708,J BLE CE 
709,  
710,AP28 BV 9276 
711,
712,MH 03 BE 6763 
713,MG 152 
714,MA 9741 IE 
715,LWA ELA 
716,   ‘DL 3C BS 0440 
717,MD 3261 
718,AP 43 M7759 
719,EE AP11 AE 3196  
720,TN33 AJ 7490 
721,  
722,
723,  
724,
725, —AD 0651 © 
726,NAACSORG 
727,
728,
729,MH O4EF 3337 
730,  
731,MH 12 FV 5288  
732,IAU 1B FV STE  
733,AP10 BB 8933 
734,2544 6 AA 6309 L544 00   
735,GTN02AS2247       
736,  MH 04 EX 1364  
737,PB 10 GV 7547   
738,RYY—————EEEE  ‘DL 2CAL 7538   
739,MH 04 FA 4492 
740,
741,TN 02 AR 8471   
742,  
743,
744, 12 06 8164  
745,
746,AE “AP 29 BJ 6333   
747,9Z211 0V2670 
748,BS WINL 
749, DL43 C 1166   
750,WBOGA 4572 
751,  AP29 AV 2349 
752,  
753,
754,
755,EE EE EEE  MH 02 BP 2897 
756,
757,   MH02BP 6399  
758,AP 09 CL 6815  
759,
760,  
761,
762,  7 SHETA  POMA  GJ 1 RB 255 
763,JS TN O1 AH 3778     
764,“DLC U8047 
765,GJ 1KE2245 — 
766,TW 
767,MH  42 DS 7042 
768,
769,SATS 
770,MH 14 DT 9633 
771,  
772,PB07AM 8509 
773,  
774,  
775,ANTIEYIR  
776,AP 29 BU 3699 
777,
778,© WIISNE EDO 
779,UP 14 AY 2019 
780,   TN 01 AQ 8920 
781,  
782,
783,  
784,MH 43 X 3230 
785,  
786, KA 51 MA 425  
787,MH 43 AB 1092   
788,MH12 EM 7242 
789,  OL9C N 5272 
790,WB O2X 5983   
791,CAN A0   
792,  
793,MH 01 AC 8927   
794,“DL8CAW3361 
795,I FF 869   
796,B VIS  FF 989  
797,BEIER HT FE B69 
798,MMH 06 AZ 4325  MAGES EES 
799,MH 04 ON 7210 STAR AUTO INDIR S 
800,——— TS — —   MH 02 CH 1822 
801,APS BV 4244 
802,BIAN CRE 
803,WUROODR  
804,BWB 022 0439   
805,  
806,  
807,  
808,  
809,
810,A R28 NY ADEA   
811,  
812,NARI T2 FE1591    
813,
814,— OE   DU IC TL 8530   
815,
816,  1NO7 482336  
817,“TNO7AR2 2336  
818,
819,PRSOC OIRO   
820,AP 13P 8058      
821,
822,“TN 12 9637 
823,078  MHOZ 
824,  NICEST  
825,‘DL 3C BS 3000 
826,WESS 
827,FR AN 7860 
828,  
829,  
830,MH05AX3628 
831, MHOZEX2169  
832,  
833,  
834,  
835,DURIEAESOS 
836,WB 06B 6251   
837,MHLO4 FF 9450    
838,
839,‘TN 04 ABS1484    
840,WB OGA 5318 
841,‘DL3CCB2331 
842,HHO PARZERD 
843,AP 29AS 8055 
844,MH 14 BX 0026 J —— SEAL 
845,
846,
847,DL8C AY 5270  
848,DL3¢ AY5270 
849,“DLSC H6685  
850,
851,TN 09 AZ 7705 
852,   MH3ICS 7301 
853,
854,  
855,   2 ®   PB10 DF 7609 
856,IW B 08 1672  
857,  
858,     
859,MH 01 AH 5386    R 
860,KA03MN 6893  
861,APCS CC 1696   
862,J MH 12 FF 3425 I 
863,  
864,DL3C BJ 8153  
865,  
866,PB 0 U6 8  
867,E 1 WB OBC 9351 
868,SPE IG NYC I2 
869,F5R 01AQ 6991  
870,MH O1  AH  8429    
871,  7IS0 YI 
872,        
873,  MHOSAS9787 
874, MHOSASS787  
875,DL7C K 0722 
876,WHOLEN L86  
877,MHI2FK6915 
878,  
879,  PL 2CASOS67 
880,MH OZ DN5788 
881,GOA GY   PBOB BP 16 6  EAN 
882,  WB  O6C  9080  
883,  HHOTALG724    
884,OE  — DL 4C AL 2700 
885,  
886,  
887,WE®W BY 71573  
888,AP 09 BN 9289 
889,
890,MH 12 FY 8925   
891,
892,AP11 AD 2187 
893,AP28 DD 0456 
894,“AP28 DD 9291   
895,  WIL 02 CH 3250 
896,  
897,NP23  AQ 6870  
898,
899,DL9OC X6688   
900, HR51 AE 7774 
901,MH 02 AY 9127  
902,  
903, DLSCAW 9741  
904,MIHI OL AE 5663    
905, MAIRET © F  F183 
906,
907,  
908,CRS AE 5256  ‘CUISCNENESANER            
909,IN HZ 4414 
910,
911,KA 04 MG 754 
912,“MH 14000707  
913,  
914,
915,
916,  
917,  
918,CITI YESSOEC VEE 
919,  
920,
921,
922,
923,
924,  
925,      E 
926,  
927,  
928,EE WB 06 8591 
929,     WB 02Z 0944  
930,      WB 20U 6373       
931,
932,MHI2 FP 1051 
933,DLC N 8804 
934,APOT AA 4581 
935, I 1  DL8C W 0587    I 
936,DL7C H 3669 
937,MHOZBI 7809  
938,
939,MHO2 BJ 5704 
940,AE 5 WB   OSB  2265 
941,EES 
942,MH 43 AB 6682 
943,WIIS DSAP IBA 
944,YT 23 BY SHIGE 
945,MBS ALOIS 
946,UAUNNLE AD 
947,
948,APIO AP 1498 
949,IMH04EQ 6832 
950,  
951,
952,ANA QRIRY 
953,Z466E 4A SL HIN 
954,MH03 AR 3711 
955,IIH 03 AZ 4228  
956,  
957,DLICAHI718 
958,KLARASII7   
959,MH 43V 6517 
960,  KL 57 A 6833 
961,‘PROB CE AR45   
962,  
963,DL9CA3031 
964,MH 04 EX 9925 
965,
966,EE I058 V7 
967,  
968,
969,  
970,TN 01 AJ 8805    
971,  
972,‘DL  30 BY 7894     
973,WININS S00Z4 
974,MHI2DS 9002  
975,  
976,
977,
978,AP44 AC 6483 
979,MHOLBLI209 
980,  
981,AMAT S345  9 
982,  PUGE N 9426  
983,  
984,  
985,
986,MH 04 EF 6211 
987,
988,I MH 04 62 1992 4 
989,
990,
991,
992,MHO4BY6575 
993,  
994,
995,IMH 04 DB 6943  
996,  
997,4 04 DB  6948 
998,IMH 04 DB 6948 
999,  
1000,AWM YISLY 
1001,
1002, OMHO3BI5203 
1003,  
1004,015 COS 
1005,FHR29 U 2474 
1006,
1007, MH04 DB 797  
1008,MH’ 4 BK 3625 F    
1009,      AP 10 AQ 1539   
1010,
1011,APO9 BM 0604 
1012,  
1013,MA I4 BX 4567  
1014,MHL3A57351 
1015,MH 02 JP 704 
1016,
1017,  
1018,IMH 02 BG 4844    
1019,  
1020,1H 12GF 0406  
1021,WB 02Z 4408  
1022,  
1023,  
1024,   MH 01 AE 7873 
1025,PB 2564694 
1026,
1027,  
1028,A  WB 06H 10695 
1029,‘MH 4952   
1030,HR29 Y 2072 
1031,TOSE 9754 
1032,DL3C BM 9156  
1033,
1034,  
1035,  
1036,AYACTCR SLL 
1037,MHO2CB 1544  
1038,  
1039,A KA19 MB 6      
1040,  JO2BH9360 
1041,4909  
1042,  
1043,
1044,LMM DNE 
1045,GJ 234F ‘577 4 
1046,KA04 ML 3183 
1047,L KA 19 MD 2608 ‘J 
1048,IMH 14 DA GAAT  
1049,MHI2 EX 2459      
1050, DLSCBM6489 J 
1051,DL3CBM6489 
1052,DL3C BM6489 
1053,“UP 14 AP 5767 
1054,FOU 8C NA S717  
1055,DLAC AV 4880   
1056,
1057,MP 04 GE 5052 
1058,KA 04 ME 4151 
1059,MH 04 EC 9669 
1060,PAP 13K 6277   
1061,  
1062,PE TEN NE EN MH 04 FF 0892    
1063,— ——— KA‘53 N 6415 
1064,   MH 04 DW 7092 
1065,  BALANAGIEO 
1066,  
1067,
1068,MH 44 DN 8522 
1069,AP 21AB 4688    
1070,  
1071,AP 23 AE 4446 
1072,AP28 BK 9030 
1073,  
1074,DLAC AL 0801  
1075,“WB 06 9998  
1076, AP29 AF 1236 
1077,
1078,AP 21 Q 6978 ° 
1079,AP 09BQ 9041   
1080,  MH 4A6 N 0950   
1081,WB 20Z 2787 © 
1082,   WB O6E 8889 
1083,AP20 AL 6679 
1084,  
1085,  AP2B BP 0101   
1086,AP03 AN 1417  —— 
1087,I EE  GIILMLTI3A29 
1088,MH 12 FY 2031 
1089,
1090,DL4CAL1477 
1091,DLAC AL 1477   
1092,AP 28 DE 5128 
1093, AP31 BT 9732   
1094,WY TIGV B14  
1095,TN G3 D 8284 
1096,  
1097,
1098,
1099,
1100,
1101,  
1102,  WB 26K 1335   
1103,MH O6 AN 7132 
1104,     “JAY AMBE”  GI18 AB 2587 F 
1105,
1106,  
1107,
1108,  
1109,‘DL8CNAG63I0O  
1110,AE 1750 
1111,MH 43X 3148 
1112,MH 01 AL 9658       EEE 
1113,BIENES   ‘UPA6 T 6435 
1114,UIT     MH 14 CC 154 
1115,
1116,  
1117,IPL7C6       ——      8493    
1118, NPZ0 BY  986  
1119,  
1120,TING AR 120 
1121,AP28 DM 5093 
1122,MH OE CZ 544 
1123,
1124,‘IE AOE SEEN I I MH 43 V 6455 
1125,MH 43 AF 1464 
1126,
1127,  AL3900  
1128, MH O1 AL 5971  
1129,‘MHO1AH9985  
1130,  EY EF 1070 
1131,PRIN 
1132,AP 31 AW 9513 
1133,OEE  AP 11 AP2595° 
1134,WB 20H 2215 
1135,BAIE  
1136,“MP 48 BD 1069   
1137,MH 02 AY 4723  
1138,
1139,MH 12 FP 8714   
1140,MAZER 8714   
1141,WB 02Y 7511  
1142,     
1143,WERACK 
1144,GJ 1 KF 2517    
1145,
1146,AAW 296  
1147,MH 43 AL 9888 
1148,  
1149,ANUP YS   
1150,DIES  
1151,   
1152,EE RWO7BHOEG    
1153,  
1154,MH 09 BZ 6   
1155,
1156,“MH 43 A5262° 
1157,GILKD E571 
1158,  
1159,‘MH 16 AE 8118  
1160,“MH 46 N 3506  
1161,“MH OT BG 1180  
1162,‘DL3C BY 0993   
1163,AIR GE7RBS 
1164,
1165,AP 29 BM 5949 
1166,FDL6C J 8775  
1167,  
1168,“WB 066 9042 
1169,  
1170,     MH14 DF 7259  
1171, MHO1AV7318 
1172,MH OL  AW 5111 
1173,  WB OGF 6711  
1174,
1175, WN 2H 9907 
1176,¥HO2CD8833 
1177,   EINES « DA 
1178, THO7BT3859 
1179,WBQ2010 369 
1180,  
